,IUCA,Texto,Etiqueta
0,0,¿Puedo darme de baje por el tiempo en que no realice la actividad luego darme de alta cuando la retome?,si_no
1,0,"Si dejo de trabajar por un tiempo, ¿puedo darme de baja y luego volver a darme de alta?",si_no
2,0,"¿Puedo dar de baja mi monotributo y transcurrido un período de tiempo, darme de alta nuevamente?",si_no
3,0,¿Es obligatorio seguir inscripto en el régimen si dejo de ejercer mi actividad?,si_no
5,0,¿Me tengo que dar de alta de nuevo si me doy de baja y luego retomo mi actividad?,si_no
6,0,¿Puedo suspender mi inscripción hasta que retome mi actividad?,si_no
7,0,¿Se puede interrumpir la inscripción del monotributo hasta que vuelva a ejercer mi actividad?,si_no
8,1,¿Puedo quedar excluido del Monotributo?,si_no
10,1,¿AFIP me puede excluir del Monotributo?,si_no
11,1,¿Puedo quedar fuera del Monotributo?,si_no
23,3,¿Me puedo volver a adherir si me di de baja?,si_no
25,3,"Si me di de baja el monotributo porque ya no realizaba la actividad, ¿Puedo volver a darme de alta nuevamente?",si_no
27,3,"Si me di de baja, ¿es posible darme de alta otra vez?",si_no
28,3,¿Me puedo dar de alta de nuevo si me había dado de baja por cese de actividad?,si_no
29,3,¿Me puedo adherir de nuevo al haberme dado de baja debido a la interrupción de mi actividad?,si_no
30,3,"Si dejé de ejercer mi actividad y me di de baja, luego cuando retome ¿me podré volverme a inscribir?",si_no
38,5,Si me paso a Responsable Incripto ¿puedo volver al Monotributo en cualquier momento?,si_no
39,5,Si renuncio al Monotributo para optar por otro régimen ¿Puedo volver al monotributo?,si_no
42,5,En caso de renunciar ¿puedo optar de nuevo por el monotributo?,si_no
44,5,¿Puedo volver a ser monotributista inmediatamente si renuncié para ser responsable inscripto?,si_no
54,7,¿Puedo volver a darme de alta en el Monotributo si me dieron la baja por falta de pago?,si_no
55,7,Si me dan de baja en el Monotributo ¿Puedo volver a darme de alta?,si_no
56,7,"Si me dieron de baja automáticamente, ¿me puedo dar de alta otra vez?",si_no
57,7,¿Me puedo adherir de nuevo al haberme dado de baja por falta de pago?,si_no
58,7,¿Es posible inscribirse al monotributo otra vez si me eliminaron por falta de pago?,si_no
67,9,Si paso de Monotributista a Responsable Inscripto ¿Puedo tomar el crédito fiscal?,si_no
68,9,¿Puedo computar el crédito fiscal siendo Monotributista y luego tomarlo si me paso a Responsable Inscripto?,si_no
69,9,Si ahora soy responsable inscripto ¿puedo tomar el crédito fiscal?,si_no
70,9,"Si ahora soy responsable inscripto habiendo sido monotributista, ¿es posible computar el crédito fiscal?",si_no
71,9,¿Es posible tomar crédito fiscal si paso de monotributista a responsable inscripto?,si_no
72,9,¿Se puede computar el crédito fiscal si ya no soy monotributista sino responsable inscripto?,si_no
73,9,¿Se computa el crédito fiscal al pasar de monotributista a responsable inscripto?,si_no
75,10,¿Existe la posibilidad de darme de baja del Monotributo con fecha de varios meses atrás?,si_no
77,10,¿Puedo darme de baja con retroactividad?,si_no
78,10,¿Me puedo dar de baja con fecha anterior a la actual?,si_no
79,10,¿Es posible darme de baja con una fecha anterior?,si_no
80,10,¿Se puede tramitar una baja con una fecha anterior?,si_no
89,12,¿El Monotributo es un impuesto?,si_no
95,13,¿Estoy obligado a pagar todos los conceptos del Monotributo?,si_no
96,13,"Soy profesional, ¿tengo que pagar la parte previsional del Monotributo?",si_no
101,13,¿Estoy exceptuado de pagar todos los conceptos del monotributo?,si_no
120,16,¿Debo tomar sólo una actividad como referencia para la categorización?,si_no
125,17,¿Debo considerar mis ingresos por la actividad que estoy inscripto en Monotributo y los que recibo por estar en relación de dependencia?,si_no
130,18,¿Siempre se tienen en cuenta todos los parámetros del Monotributo?,si_no
131,18,¿Es obligatorio tener en cuenta el parámetro de energía eléctrica?,si_no
136,18,¿El parámetro de la energía eléctrica se considera en la categorización de todas las actividades?,si_no
137,19,¿Siempre se tienen en cuenta todos los parámetros del Monotributo?,si_no
138,19,¿es obligatorio tener en cuenta el parámetro de superficie afectada?,si_no
143,19,El parámetro de superficie afectada ¿se tiene en cuenta en todas las actividades?,si_no
146,20,Si realizo más de una actividad ¿Se consideran todas por igual?,si_no
147,20,Si realizo más de una actividad ¿Hay una que se considere más importante?,si_no
148,20,Si realizo varias actividades ¿debo declarar cuál es la principal?,si_no
150,20,¿Hay que establecer una actividad principal si se realizan varias?,si_no
152,21,¿Debo tener en cuenta los parámetros si realizo la actividad en mi casa?,si_no
166,23,¿Hay un límite de empleados que puedo tener siendo Monotributista?,si_no
167,23,¿Debo tener cierta cantidad de empleados de acuerdo a la categoría de monotributista que soy?,si_no
168,23,¿Hasta cuántos empleados puedo contratar?,si_no
170,23,¿Existe un límite en la cantidad de empleados según la categoría?,si_no
172,24,"Para calcular los alquileres devengados ¿Hay que tener en cuenta gastos como luz, gas o teléfono?",si_no
175,24,¿Hay que tener en cuenta los servicios como la luz y el gas para computar los alquileres devengados?,si_no
176,24,"¿Se deben evaluar los gastos de luz, gas y teléfono en los alquileres devengados?",si_no
177,24,¿Tengo que tener en cuenta la luz y el gas para determinar los alquileres devengados?,si_no
178,24,"¿Se consideran los gastos por servicio (como luz, gas, etc) para establecer los alquileres devengados?",si_no
181,25,"¿Es el mismo aporte el que realizo si soy monotributista por una actividad y el que realizo por ejercer la dirección, administración o conducción de una sociedad que no es monotributista?",si_no
186,25,"¿Debo hacer algo en caso de ser monotributista por una actividad y a su vez ejerzo la dirección, administración o conducción de una sociedad que no es monotributista?",si_no
187,25,"¿Debo pagar aportes en caso de ser monotributista por una actividad y a su vez ejerzo la dirección, administración o conducción de una sociedad que no es monotributista?",si_no
188,26,Si fabrico y vendo un objeto por única vez ¿Debo categorizarme por esa actividad?,si_no
189,26,"Si estoy inscripta por brindar servicios, pero por única vez vendo un objeto  ¿Debo inscribirme en venta de cosas muebles?",si_no
190,26,¿Estar inscripto en servicios permite al menos una vez vende un bien mueble?,si_no
191,26,"Si no fabrico en serie, ¿debo categorizarme como venta de cosa mueble?",si_no
192,26,Si fabrico bienes personalizados ¿se considera como venta de cosa mueble?,si_no
194,26,¿Debo cambiar de categoría si brindo servicios pero de vez en cuando vendo algún objeto?,si_no
195,27,¿Hay un precio máximo unitario para venta de productos?,si_no
196,27,¿Existe un límite en el precio de los bienes que vendo para ser Monotributista?,si_no
198,27,Si soy monotributista ¿tengo un tope en el precio máximo por unidad de venta?,si_no
199,27,¿Hay un tope máximo en el precio por unidad?,si_no
200,27,Cuando se vende ¿existe un precio máximo unitario a tener en cuenta?,si_no
201,27,¿Hay un límite superior para la venta de productos por unidad?,si_no
205,28,¿Existe algún impedimento para realizar importaciones si soy Monotributista?,si_no
206,28,¿Puedo vender bienes del exterior en Argentina?,si_no
207,28,Antes de inscribirme en el monotributo ¿Puedo haber realizado importaciones?,si_no
209,28,Si soy monotributista ¿puedo importar bienes?,si_no
210,28,¿Es posible hacer importaciones siendo monotributista?,si_no
211,28,¿Puedo traer productos del extranjero para vender?,si_no
212,29,¿Se aplica  la alícuota del 27% en las facturas de servicios públicos a los Monotributistas?,si_no
213,29,¿Existe una alícuota diferencial en los servicios públicos para los Monotributistas?,si_no
214,29,"Si soy monotributista, ¿se me aplica la alicuota del 27 porciento en los servicios públicos?",si_no
215,29,¿Es aplicable la alicuota del veintisiete porciento en los servicios públicos para los monotributistas?,si_no
216,29,¿Resulta aplicable la alícuota del 27% para las prestaciones de servicios públicos recibidas por los monotributistas?,si_no
217,29,La alícuota del 27% en los servicios públicos ¿se aplica para los monotributistas?,si_no
218,29,¿Siendo monotributista se me imputa la alicuota del 27% en las facturas de los servicios públicos?,si_no
222,30,¿Es lo mismo unidad de explotación que actividad económica?,si_no
223,30,¿Se debe contabilizar de la misma forma las unidades económicas y las actividades económicas?,si_no
225,30,¿Se computan de la misma forma tanto las unidades como las actividades económicas?,si_no
226,31,Si paso de Responsable Inscripto a Monotributista ¿Puedo computar las cargas de familias?,si_no
230,31,¿Se computan las cargas de familia si dejo de ser responsable inscripto y ahora soy monotributista?,si_no
231,31,Si antes era responsable inscripto y ahora soy monotributista ¿debo calcular las cargas de familias?,si_no
232,31,¿Son computables las cargas de familias al pasar a ser monotributista?,si_no
233,32,Si paso de Responsable Inscripto a Monotributista ¿Puedo computar el crédito fiscal?,si_no
239,32,"Si estoy en condiciones para optar por el monotributo siendo responsable inscripto, ¿debo devolver el crédito fiscal?",si_no
240,32,Al pasar de responsable inscripto a monotributista ¿se reintegra el crédito fiscal?,si_no
241,33,¿Es lo mismo a efectos del crédito fiscal ser Resposable Inscripto o Monotributista?,si_no
242,33,Si soy Monotributista ¿Puedo tomar el crédito fiscal?,si_no
243,33,¿Estoy obligado a pagar IVA siendo Monotributista?,si_no
244,33,"En cuanto al pago del iva, ¿me corresponde pagar si soy monotributista?",si_no
245,33,¿Pago el IVA si soy monotributista?,si_no
246,33,En caso de ser monotributista ¿tengo que pagar el impuesto al valor agregado?,si_no
247,33,Si ahora soy monotributista ¿comienzo a pagar iva?,si_no
255,34,"Si agrego una actividad nueva al monotributo, ¿se verán modificados los anticipos por ganancias que pago por otra actividad?",si_no
259,35,¿Puedo delegar el trámite de solicitud de CUIT?,si_no
260,35,Para generar el CUIT ¿Puede hacerlo otra persona en mi nombre?,si_no
261,35,¿Puede un tercero generar mi CUIT?,si_no
262,35,¿La solicitud del CUIT es un trámite personal?,si_no
263,35,¿Es necesario que vaya el titular para sacar el CUIT?,si_no
264,35,¿Puede ir otra persona a sacarme el CUIT?,si_no
266,35,¿Para sacar el CUIT tengo que ir personalmente?,si_no
267,35,¿Para sacar el CUIT puede ir alguien más a sacármelo?,si_no
268,35,¿Tengo que ir yo necesariamente a hacer el trámite para obtener el CUIT?,si_no
269,35,¿Puede ir otra persona en mi nombre a hacer el trámite para obtener el CUIT?,si_no
280,37,¿Necesito llevar documentación personal para sacar mi CUIT?,si_no
281,37,¿Debo realizar algún trámite previo a la solicitud de CUIT de manera personal?,si_no
282,37,¿Es necesario concurrir con el DNI para la solicitud de CUIT de forma presencial?,si_no
283,37,"Para obtener el CUIT, ¿debo presentar algo?",si_no
285,37,¿Debo llevar algo más que mi DNI para tramitar el CUIT?,si_no
288,38,"Una sociedad, con o sin fines de lucro ¿Puede inscribirse en el monotributo?",si_no
289,38,¿Pueden adherirse al Monotributo las SA?,si_no
290,38,¿Pueden adherirse al Monotributo las SRL?,si_no
291,38,¿Cualquier tipo de sociedad se puede inscribir en el Monotributo?,si_no
292,38,¿Puedo anotar a una sociedad al monotributo?,si_no
293,38,"Si tengo una SA, ¿la puedo inscribir en el monotributo?",si_no
294,38,¿Puedo inscribir mi SRL al monotributo?,si_no
295,38,"¿Si una sociedad con fines de lucro quiere sumarse al monotributo, puede?",si_no
296,38,¿Es permitido que una sociedad se inscriba en el monotributo?,si_no
297,39,Si soy extranjero y no poseo DNI ¿Puedo inscribirme en el Monotributo?,si_no
299,39,¿El pasaporte es suficiente para inscribirme en el Monotributo en caso de ser extranjero?,si_no
300,39,¿Puedo inscribirme en el monotributo siendo extranjero?,si_no
302,39,"Soy extranjero, llevo viviendo mucho tiempo acá pero no tengo DNI, ¿puedo inscribirme en el monotributo?",si_no
305,39,¿Un extranjero puede solicitar el CUIT para monotributo?,si_no
306,39,¿Un extranjero puede solicitar el CUIT para monotributo si no tiene DNI?,si_no
307,39,¿Puede alguien nacido en el exterior solicitar el monotributo sin tener DNI?,si_no
308,40,¿Puedo ser Monotributista y a su vez ser sujeto IVA exento?,si_no
309,40,¿Existe un Monotributista que también esté exento en IVA?,si_no
310,40,Un sujeto IVA exento ¿Puede ser Monotributista?,si_no
311,40,¿Si soy monotributista puedo realizar otra actividad bajo la condición de IVA exento?,si_no
312,40,¿Un monotributista puede ser además IVA exento?,si_no
313,40,"Si quiero realizar una actividad IVA exento, ¿es necesario que no sea monotributista?",si_no
314,40,¿Es compatible ser un sujeto monotributista y al mismo tiempo un sujeto IVA exento?,si_no
315,40,¿Se puede tener un monotributo y ser IVA exento a la vez?,si_no
318,41,¿Es lo mismo domicilio fiscal que real?,si_no
320,41,¿Domicilio fiscal es el lugar donde vivo?,si_no
321,41,¿Domicilio fiscal es el lugar donde realizado mi actividad comercial?,si_no
323,41,¿Puede ser el domicilio fiscal igual que el domicilio real?,si_no
325,41,"Si no tengo lugar fijo para mi comercio, ¿puedo poner como domicilio fiscal el domicilio donde vivo?",si_no
326,41,¿Debo tener sí o sí un domicilio fiscal?,si_no
331,42,"Si mi local es alquilado, ¿debo presentar el contrato de alquiler para mostrar que será el domicilio fiscal?",si_no
334,42,¿Debo hacer algún trámite para demostrar mi domicilio fiscal cuando no es el lugar donde vivo?,si_no
340,43,¿La inscripción al Monotributo es online?,si_no
346,43,"¿Para ser monostributista, debo hacer una inscripción online?",si_no
348,44,¿Todo monotributista debe inscribirse en el domicilio fiscal electrónico?,si_no
349,44,¿Los monotributistas sociales deben adherirse al domicilio fiscal electrónico?,si_no
350,44,"Si soy monotributista, ¿sí o sí debo inscribirme al domicilio fiscal electrónico?",si_no
351,44,¿Es obligatorio para todo monotributista estar inscripto en el domicilio fiscal electrónico?,si_no
354,44,¿Existe algún tipo de monotributo que no tenga que estar adherido al domicilio fiscal electrónico?,si_no
359,45,¿Es posible que un condómino se inscriba en el monotributo?,si_no
372,47,¿Puede un condominio ser Monotributista?,si_no
373,47,¿Existe un tratamiento especial para los condominios?,si_no
374,47,¿Los condóminos pueden ser Monotributistas?,si_no
376,47,¿Los condominios pueden inscribirse en el monotributo?,si_no
378,47,¿Los condominios tienen un trato especial para adherirse al monotributo?,si_no
379,47,¿Se pueden adherir individualmente al monotributo cada condómino de un condominio?,si_no
380,47,¿Es compatible un condominio con el monotributo?,si_no
384,48,¿Todos los monotributistas deben realizar aportes de jubilación?,si_no
389,48,¿Debo seleccionar una opción para aportes de jubilación?,si_no
392,49,"¿Debo poner un ""cero"" en los parámetros cuando por mi actividad no debo tenerlos en cuenta?",si_no
398,49,"En los campos en los que no es necesario contestar, ¿debo poner algo?",si_no
401,50,¿Puedo inscribirme en el Monotributo retroactivamente?,si_no
403,50,¿Puedo inscribirme en el Monotributo hoy pero darle inicio el mes que viene?,si_no
405,50,¿Si me adhiero al monotributo ya soy monotributista?,si_no
407,50,¿Es posible hacer la inscripción al monotributo pero no empezar las actividades aún? ,si_no
408,50,"Una vez inscripto, ¿ya tiene efecto el monotributo?",si_no
410,51,¿Las sucesiones indivisas deben hacer aportes jubilatorios?,si_no
413,51,¿Deben abonar algo las sucesiones indivisas que son monotributistas?,si_no
414,51,¿Las sucesiones indivisas monotributistas deben abonar algo más que el componente impositivo?,si_no
419,52,¿Puedo inscribirme online en caso de ser asociado a Cooperativa de Trabajo?,si_no
421,52,"Siendo asociado a cooperativas de trabajo, ¿me puedo inscribir a un monotributo?",si_no
422,52,¿Un asociado a cooperativas de trabajo puede adherirse al monotributo?,si_no
424,52,¿Me puedo dar de alta al monotributo estando asociado a una cooperativa de trabajo?,si_no
426,53,¿El mismo mes en que me inscribo debo pagar?,si_no
427,53,¿Debo pagar el monotributo el día en que me doy de alta?,si_no
431,53,¿Debo pagar en el primer mes de haber iniciado las actividades del monotributo?,si_no
435,54,¿Puedo obtener la credencial de pago en la página de AFIP?,si_no
439,54,¿Puedo descargar la credencial de pago?,si_no
441,54,¿puedo obtener mi credencial de pago con una clave fiscal de cualquier nivel?,si_no
442,55,¿Código único de revista es lo mismo que CUR?,si_no
445,55,¿El CUR es igual para todos los Monotributistas?,si_no
450,55,¿Se puede cambiar el código CUR?,si_no
456,56,¿Debo dar de baja al impuesto a las ganancias si me transfiero de responsable inscripto a monotributista?,si_no
462,57,Como Monotribustita ¿Puedo utilizar el saldo a favor que tenía de cuando era Responsable Inscripto?,si_no
464,57,¿Se me puede devolver el saldo a favor de retenciones que tenía siendo responsable inscripto y ahora monotributista?,si_no
465,57,¿Se pierde el saldo a favor que tengo como responsable inscripto una vez me cambie al monotributo?,si_no
472,58,¿En la parte de monotributo puedo cambiar mi dirección fiscal?,si_no
474,58,¿Puedo obtener algunos comprobantes electrónicos en la parte de monotributo?,si_no
475,58,¿Puedo darme alta como empleador en la parte de monotributo?,si_no
476,59,¿Puedo ser Monotributista si obtengo ingresos por locación de inmuebles en el exterior?,si_no
477,59,Los monotributistas adheridos por locación de inmuebles ¿Deben serlo por inmuebles situados en Argentina solamente?,si_no
478,59,¿Debo cumplir con algún requisito específico para ser Monotributista con ingresos por locación de inmuebles situadios en el exterior?,si_no
479,59,"Si tengo inmuebles alquilados en el exterior, ¿puedo ser monotributista con esos ingresos?",si_no
480,59,"Si una persona tiene como ingreso el alquiler de inmuebles en el exterior, ¿puede inscribirse en el monotributo?",si_no
481,59,¿Puede una persona adherirse al monotributo si su ingreso depende del alquiler de inmuebles fuera de Argentina?,si_no
482,59,"Un propietario de inmuebles en el exterior cuyo ingreso depende del alquiler de los mismos, ¿puede ser monotributista?",si_no
483,59,"Si vivo en Argentina pero tengo como ingreso el alquiler de una propiedad en el exterior, ¿puedo inscribirme en el monotributo?",si_no
486,60,Si realizo algunos cambios en el Monotributo ¿Cambia también la credencial de pago?,si_no
488,60,"Si cambio de obra social, ¿se necesitará cambiar la credencial de pago?",si_no
491,60,¿La sustitución de la credencial de pago puede estar relacionada con las modificaciones en el CUR?,si_no
494,61,¿Puedo dar de baja a una persona de la Obra Social desde Mi Monotributo?,si_no
495,61,¿Puedo modificar datos de mis adherentes de la Obra Social desde la web de AFIP?,si_no
502,62,Si cambio mi actividad ¿Tengo que informarle a AFIP?,si_no
506,62,¿Debo informar cada vez que cambio de actividad?,si_no
510,63,Si comencé a ser empleado en relación de dependencia ¿Debo informarlo en mi Monotributo?,si_no
511,63,Si inicié una relación de dependencia ¿Debe realizar algún trámite mi empleador?,si_no
514,63,¿Debo modificar los datos de mi monotributo si comencé a trabajar en relación de dependencia?,si_no
516,63,¿Un monotributista debe cambiar de situación si ahora es empleado en relación de dependencia?,si_no
517,63,"Si tengo un monotributo, debo modificar los datos si quiero iniciar una relación de dependencia?",si_no
518,64,Si me jubilo y sigo con mi actividad ¿Debo informarlo en Mi Monotributo?,si_no
519,64,¿Cambia algo en mi Monotributo si me jubilo?,si_no
524,64,"Si una persona se jubila pero aún continúa con la actividad, ¿Debe cambiar algo en su monotributo?",si_no
527,65,¿Influye en mi monotributo si comienzo a aportar a una caja previsional provincial?,si_no
529,65,¿Debo modificar mi monotributo en caso de hacer aportes a una caja previsional de la provincia?,si_no
530,65,"Si empiezo a aportar en una caja previsional provincial, ¿tengo que informarlo en el monotributo?",si_no
535,66,¿Puedo hacer el cambio de obra social de manera online?,si_no
541,66,Para cambiar de obra social ¿una persona monotributista puede hacerlo desde la web?,si_no
542,67,¿Puedo agregar a un adherente a la obra social en cualquier momento?,si_no
544,67,¿Puedo incorporar un adherente a la obra social desde la web de AFIP?,si_no
548,67,¿Puedo incorporar gente a mi obra social?,si_no
553,68,¿Debo presentar algún formulario para notificar un cambio de domicilio?,si_no
560,69,¿Puedo volver a informar el cambio de domicilio si aún no recibí el código de confirmación?,si_no
561,69,¿El cambio de domicilio está concluido por más que no haya recibido un código de confirmación?,si_no
570,70,¿La recategorización se puede hacer de manera online?,si_no
577,71,¿Es obligatoria la recategorización?,si_no
578,71,¿Siempre debo recategorizarme?,si_no
585,72,¿Me puedo recategorizar cuando quiero?,si_no
594,73,¿Debo pasar a ser Responsable Inscripto si mi facturación de mi primer semetre de actividad supera el límite impuesto para la categoría más alta del Monotributo?,si_no
595,73,¿Puedo quedar excluido del Monotributo por superar los ingresos máximos establecidos por más que lleve menos un año como inscripto?,si_no
596,73,"Para el caso que transcurrió un semestre desde la inscripción y al anualizar los ingresos brutos para la recategorización, se supera el límite de la categoría máxima, ¿corresponde la inscripción en el Régimen General?",si_no
597,73,"¿Se puede inscribir en el Régimen General, si pasados un semestre desde la inscripción y al anualizar los ingresos brutos para la recategorización, se supera el límite de la categoría máxima?",si_no
598,73,"Si pasados un semestre desde la inscripción y al anualizar  los ingresos brutos para la recategorización, se supera el límite de la categoría máxima, ¿Se permite la inscripción en el régimen general?",si_no
599,73,"En el caso que luego de 6 meses desde la inscripción y al anualizar los ingresos brutos para la recategorización, se pasa del límite de la categoría máxima, ¿Se puede inscribir en el régimen general?",si_no
600,73,"¿Le corresponde la inscripción en el Régimen General, para el caso que transcurrió un semestre desde la inscripción y al anualizar los ingresos brutos para la recategorización, se sobrepasó el límite de la categoría máxima?",si_no
618,76,¿Debo recategorizarme si aún no fui Monotributista por más de 12 meses?,si_no
632,78,¿Es obligatoria la recategorización?,si_no
633,78,¿Todos los monotributistas deben recategorizarse?,si_no
642,79,¿Tengo que pagar una sanción si me recategoricé mal?,si_no
656,81,Pasar de Monotributo a Monotributo del Régimen de Inclusión social y promoción del trabajo independiente ¿Es recategorizarse?,si_no
658,81,"Para el caso de modificación de la condición de Monotributo a Monotributo Régimen de inclusión social y promoción del trabajo independiente o viceversa, ¿Es una recategorización?",si_no
659,81,"¿Es recategorización, si se altera la condición de Monotributo a Monotributo Régimen de inclusión social y promoción del trabajo independiente o viceversa?",si_no
660,81,"¿Se considera recategorización, si se modifica la condición de Monotributo a Monotributo Régimen de inclusión social y promoción del trabajo independiente o viceversa?",si_no
661,81,"En el caso de cambio de la condición de Monotributo a Monotributo Régimen de inclusión social y promoción del trabajo independiente o viceversa, ¿Se considera recategorización?",si_no
662,81,"Si se tiene el caso de cambio de la condición de Monotributo a Monotributo Régimen de inclusión social y promoción del trabajo independiente o viceversa, ¿Se tiene recategorización?",si_no
664,82,¿AFIP me puede recategorizar?,si_no
665,82,¿Recategorización de oficio significa que AFIP me recategoriza?,si_no
666,82,Si hice mal mi recategorización ¿Puede AFIP volver a recategorizarme?,si_no
673,83,¿En la recategorización de oficio se tienen en cuenta todos los parámentros por más que no correspondan a mi actividad?,si_no
689,85,¿Tengo acceso a las causales de la recategorización de oficio?,si_no
690,85,¿AFIP me informa cuáles fueron las causas que provocaron mi recategorización de oficio?,si_no
704,87,¿Puedo hacer un reclamo ante una recategorización de oficio?,si_no
705,87,¿Debo aceptar si o si la recategorización de oficio?,si_no
721,89,¿Existe el recurso de apelación para aplicar en una exclusión o recategorización de oficio?,si_no
722,89,"¿Puedo recurrir a algún recurso legal en caso de disconformidad con la exclusión del Monotributo o recategorización de oficio, luego de una fiscalización?",si_no
723,89,¿Es posible interponer un recurso contra las resoluciones de exclusión o recategorización de oficio resultado de una fiscalización?,si_no
724,89,"En caso  de resoluciones de exclusión o recategorización de oficio resultado de una fiscalización, ¿ Se puede interponer un recurso en su contra?",si_no
725,89,Para el caso de  resoluciones de exclusión o recategorización de oficio resultado de una fiscalización ¿Existe un recurso contra estas resoluciones?,si_no
726,89,¿Existe un recurso para presentar contra las resoluciones de exclusión o recategorización de oficio resultado de una fiscalización?,si_no
727,89,¿Habrá algún recurso para presentar contra las resoluciones de exclusión o recategorización de oficio resultado de una fiscalización?,si_no
728,90,¿Todas las personas pueden ser Monotributistas?,si_no
729,90,¿Sólo las personas humanas se pueden inscribir en el Monotributo?,si_no
738,91,¿Debo cumplir con ciertos requisitos para ser Monotributista?,si_no
751,92,¿Existen  actividades que no están contempladas del monotributo?,si_no
752,93,¿Puedo importar y ser Monotributista?,si_no
753,93,"¿Hay alguna limitación respecto de importar, siendo Monotributista?",si_no
755,93,¿Se puede adherir al Monotributo cuando se realizan importaciones?,si_no
756,93,¿Cuando se realizan importaciones es posible adherirse al Monotributo?,si_no
757,93,¿Se puede adherir al Monotributo cuando se lleven a cabo  importaciones?,si_no
758,93,"En caso de importaciones, ¿se puede incorporarse al Monotributo?",si_no
759,93,"En caso de importaciones, ¿se puede darse de alta al Monotributo?",si_no
760,94,¿Puedo exportar y ser Monotributista?,si_no
761,94,"¿Hay alguna limitación respecto de exportar, siendo Monotributista?",si_no
763,94,¿Se pueden llevar a cabo exportaciones siendo monotributista?,si_no
764,94,¿Es posible realizar exportaciones siendo monotributista?,si_no
765,94,¿Puede darse el caso que  un monotributista  realice exportaciones ?,si_no
766,94,¿Puede  un monotributista  llevar a cabo exportaciones ?,si_no
768,95,¿Puedo ser Monotributista por una actividad e IVA exento por otra?,si_no
769,95,¿Un sujeto IVA exento puede ser Monotributista?,si_no
770,95,¿Hay alguna limitación para que un sujeto IVA exento se inscriba en el Monotributo por una actividad diferente?,si_no
771,95,Una persona adherida al Monotributo por una actividad ¿puede realizar otra actividad bajo la condición de IVA Exento?,si_no
772,95,Un  monotributista inscripto por una actividad ¿puede realizar otra actividad bajo la condición de IVA Exento?,si_no
773,95,¿Es posible para un monotributista adherido por una actividad realizar otra actividad  bajo la condición de IVA Exento?,si_no
774,95,¿Puede un sujeto adherido al Monotributo por una actividad llevar a cabo otra actividad bajo la condición de IVA Exento?,si_no
775,95,¿Es permitido bajo la condición de IVA Exento que una persona adherida al Monotributo por una actividad realice otra actividad?,si_no
776,96,¿Tanto empleados como empleadores pueden ser Monotributistas?,si_no
777,96,"¿Hay alguna limitación respecto de ser Monotributista y a su vez, tener empleados a cargo?",si_no
778,96,Si soy Monotributista ¿Puedo ser solamente empleado o también empleador?,si_no
779,96,¿Es posible  ser empleador siendo monotributista?,si_no
780,96,¿Se puede dar el caso de ser  empleador siendo monotributista?,si_no
781,96,¿Puede un empleador ser monotributista?,si_no
782,96,¿Es posible  para un monotributista ser empleador ?,si_no
783,96,¿Puede un sujeto cumplir el rol de empleador  y   monotributista?,si_no
784,97,En caso de realizar una actividad por única vez ¿Debo inscribirme en el Monotributo?,si_no
785,97,¿Puedo ser Monotributista por un mes?,si_no
786,97,¿Las actividades por las que me inscriba en el Monotributo debo realizarlas frecuentemente?,si_no
788,97,¿Es posible adherirse al Monotributo en caso de realizarse una actividad por única vez?,si_no
789,97,¿Es posible adherirse al Monotributo en caso de realizarse una actividad por única vez y luego de un tiempo mínimo de permanencia realizar la baja del mismo?,si_no
790,97,"En el caso de una persona que realiza una actividad por única vez, ¿Se puede adherir al Monotributo?",si_no
792,97,"En el caso de una persona que realiza una actividad temporaria, ¿Es posible que se pueda adherirse al Monotributo?",si_no
794,97,¿Está permitido a una persona que realiza una actividad por única vez adherirse al Monotributo?,si_no
796,97,"Si se tiene el caso de una persona que realiza una actividad temporaria, ¿Está permitido que se pueda adherirse al Monotributo?",si_no
798,98,¿Puedo ser extranjero y Monotributista?,si_no
800,98,¿Debo tener nacionalidad argentina para darme de alta en el Monotributo?,si_no
801,98,"Una persona extranjera que realiza una actividad en nuestro país, ¿puede inscribirse como monotributista a través de su apoderado?",si_no
802,98,"Un sujeto residente en el exterior con actividad en nuestro país, ¿Se permite que su apoderado lo inscriba como monotributista?",si_no
803,98,"¿Es posible  que un extranjero, que lleva a cabo una actividad en Argentina, pueda inscribirse como monotributista por medio de su apoderado?",si_no
804,98,"Un extranjero que desarrolla una actividad en Argentina, ¿Se puede inscribirse como monotributista a través de su apoderado?",si_no
805,98,"¿Se permite que el apoderado de un extranjero, que lleva a cabo una actividad en nuestra nación, pueda inscribirlo como monotributista?",si_no
806,99,"¿Puedo ser empleado en relación de dependencia y a su vez, adherirme al monotributo por otra actividad?",si_no
807,99,Si soy Monotributista ¿Puedo iniciar una relación de dependencia?,si_no
808,99,¿Es excluyente ser monotributisa y empleado en relación de dependencia?,si_no
809,99,Si soy empleado en relación de dependencia ¿Mi actividad por la que me doy de alta en el monotributo debe estar relacionada?,si_no
810,99,"¿Es posible para un empleado en relación de dependencia, que se pueda adherir al monotributo por una actividad independiente?",si_no
811,99,"Para el caso de un trabajador en relación de dependencia y que realiza otra actividad independiente, ¿Se puede adherirse al monotributo?",si_no
812,99,"Si un empleado en relación de dependencia, lleva a cabo otra actividad independiente, ¿Es posible adherirse al monotributo?",si_no
813,99,¿Está permitido para el caso de un ciudadano en relación de dependencia adherirse al monotributo por una actividad independiente?,si_no
814,99,"¿Se puede adherirse al monotributo por una actividad independiente, a un trabajador en relación de dependencia?",si_no
815,100,¿Puedo ser Responsable Inscripto y Monotributista?,si_no
816,100,¿Es excluyente ser Responsable Inscripto y Monotributista?,si_no
817,100,Soy Responsable Inscripto ¿Me puedo dar de alta en el Monotributo?,si_no
818,100,"En el caso de una persona adherida al Monotributo por una actividad, ¿Puede realizar otra actividad bajo la condición de responsable inscripto?",si_no
819,100,¿Está permitido para una persona adherida al Monotributo por una actividad llevar a cabo otra actividad bajo la condición de responsable inscripto?,si_no
820,100,¿Puede una persona adherida al Monotributo por una actividad llevar a cabo otra actividad bajo la condición de responsable inscripto?,si_no
821,100,"Si se tiene el caso de una persona adherida al Monotributo por una actividad, ¿Está permitido que realice otra actividad bajo la condición de responsable inscripto?",si_no
822,100,¿Es posible para una persona adherida al Monotributo por una actividad que realice otra actividad bajo la condición de responsable inscripto?,si_no
823,101,Vendo autos usados ¿Puedo ser Monotributista?,si_no
824,101,¿Está excluido del Monotributo la venta de autos a nombre propio por cuenta de terceros?,si_no
825,101,"Para el caso de venta de autos usados a nombre propio por cuenta de terceros, ¿Se podrá optar por el Monotributo?",si_no
826,101,¿Se puede elegir por el monotributo en la caso de venta de autos usados a nombre propio por cuenta de terceros?,si_no
827,101,"Si se realiza una venta de autos usados a nombre propio por cuenta de terceros, ¿Se puede decidir por el Monotributo?",si_no
828,101,¿Se puede optar por el monotributo en el caso de venta de automóviles  usados a nombre propio por cuenta de terceros?,si_no
829,101,"Si se tiene una venta de automóviles  usados a nombre propio por cuenta de terceros, ¿ Es el Monotributo una opción válida?",si_no
830,102,"Abrí una industria, ¿puedo ser monotributista?",si_no
831,102,¿Me puedo aherir al monotributo si tengo una industria?,si_no
832,102,"Soy propietario de una industria, ¿ puedo ser monotributista?",si_no
833,102,"Tengo una industria, ¿me puedo adherir al monotributo?",si_no
834,102,¿Está permitido ser Monotributista si soy dueño de una industria?,si_no
836,102,Soy dueño de una industria ¿Existen restricciones para ser Monotributista?,si_no
837,103,"Estoy en una cooperativa, ¿me puedo adherir al monotributo?",si_no
838,103,¿Puedo ser monotributista si soy socio de cooperativa?,si_no
839,103,"Estoy asociado a una cooperativa, ¿puedo inscribirme en el monotributo?",si_no
840,103,¿Está permitido ser Monotributista si soy asociado de una Cooperativa de Trabajo?,si_no
841,103,¿Los miembros de una Cooperativa de Trabajo pueden inscribirse en el Monotributo?,si_no
842,104,¿Puedo inscribirme en el monotributo siendo síndico de una sociedad?,si_no
843,104,"Soy síndico de una sociedad, ¿puedo adherirme al monotributo?",si_no
844,104,¿Está permitido ser Monotributista si soy síndico de una sociedad?,si_no
845,104,¿Los síndicos de sociedades pueden inscribirse en el Monotributo?,si_no
846,104,¿Existe alguna limitación para ser Monotributista si soy síndico de una sociedad?,si_no
847,105,"Mi ingresos son derechos de autor, ¿puedo ser monotributista?",si_no
848,105,¿Me puedo adherir al monotributo si sólo recibo ingresos por derechos de autor?,si_no
849,105,"Quisiera ser monotributista pero sólo percibo derechos de autor, ¿puedo?",si_no
850,105,Mis ingresos son solamente por cobro de derecho de autor ¿Debo inscribirme en el Monotributo?,si_no
851,105,¿Está excluido del Monotributo la actividad de cobro por derecho de autor?,si_no
853,106,¿Más de 3 unidades de explotación quedan excluídas del monotributo?,si_no
854,106,"Si las parcelas tienen número diferentes pero están en el mismo partido, ¿quedan excluídas del monotributo?",si_no
855,106,En el caso de las parcelas ¿Cada una de ellas equivale a una unidad de explotación?,si_no
856,106,¿Las parcelas deben estar todas juntas para considerarse una sola unidad de explotación?,si_no
860,107,"En caso de corresponder, si soy monotributista, ¿Debo presentar la declaración jurada de Impuesto a los Bienes Personales?",si_no
861,107,¿Un Monotributista tiene que pagar Impuesto a los Bienes Personales?,si_no
863,108,¿Quedo excluído del monotributo si poseo más de tres actividades?,si_no
864,108,"Si tengo tres actividades, ¿quedo fuera del monotributo?",si_no
866,108,¿Cada sucursal es una fuente de ingreso?,si_no
867,109,¿Debo presentar la declaración jurada del impuesto a ganancias?,si_no
869,109,Si soy monotributista ¿Tengo que presentar la declaración jurada del impuesto a las ganancias?,si_no
871,109,¿Un monotributista debe pagar Impuesto a las Ganancias?,si_no
873,110,Si estoy inscripto en IVA ¿Puedo adherirme al monotributo?,si_no
875,110,¿Puedo optar por cambiar de responsable inscripto a monotributo?,si_no
876,110,¿Puedo cambiar de régimen IVA a Monotributo en cualquier momento?,si_no
877,110,Si soy Responsable Inscripto y me quiero pasar a Monotributo ¿Debo hacerlo en una fecha determinada?,si_no
879,111,"Soy monotributista y en la anualización he superado el máximo, ¿debo pasar a ser responsable inscripto?",si_no
880,111,Si soy monotributista y al anualizar mis ingresos supero el máximo de la última categoría ¿Debo pasar a ser responsable inscripto en IVA?,si_no
884,112,Como monotributista ¿Puedo realizar otra actividad bajo la condición de IVA exento?,si_no
885,112,"Siendo monotributista, ¿es posible tener una actividad bajo la condición IVA exento?",si_no
886,112,¿Puedo tener una actividad con iva exento si soy monotributista?,si_no
887,112,¿Puedo ser IVA exento por una actividad y Monotributista por otra?,si_no
889,113,"Siendo propietario y cediendo un inmueble, ¿puedo ser monotributista por el valor de alquiler a que se refiere el impuesto a las ganancias?",si_no
890,113,¿Es posible inscriibirme en el monotributo por el valor locativo  si he cedido mi inmueble?,si_no
891,113,"Ya he cedido el inmueble pero a un precio no especificado, ¿puedo ser monotributista por el precio locativo?",si_no
892,113,Si cedo un inmueble a un precio no determinado ¿Puedo adherir al monotributo por el valor locativo al que refiere el Impuesto a las Ganancias?,si_no
893,113,Ceder un inmueble a precio indeterminado ¿Se considera actividad para tener que inscribirme en el Monotributo?,si_no
900,115,¿Es posible la adhesión de los condominios al monotributo?,si_no
902,115,¿Los condominios pueden ser Monotributistas?,si_no
903,115,¿Hay restricciones en el Monotributo para los condominios?,si_no
905,116,¿Puedo pagar en efectivo? ,si_no
906,116,¿Estoy exceptuado de cumplir con las obligaciones de modo electrónico?,si_no
907,116,¿Debo hacer los pagos de forma electrónica?,si_no
909,116,¿Todos los Monotributistas pueden pagar en efectivo?,si_no
914,117,¿Puedo pagar en efectivo? ,si_no
916,117,¿Tengo que presentar alguna documentación para pagar en efectivo el Monotributo?,si_no
921,118,¿El mismo mes en que me doy de alta en el Monotributo debo pagarlo?,si_no
925,119,¿Se puede pagar vencido el monotributo?,si_no
927,120,¿Debo pagar intereses por abonar el Monotributo fuera de término?,si_no
935,121,¿Siempre vence el mismo día el Monotributo?,si_no
936,121,¿Vence el mismo día para todos los monotributistas?,si_no
945,123,¿Puedo adherirme al débito automático?,si_no
951,124,¿Puedo adherir mi tarjeta de crédito al débito automático desde el portal de AFIP?,si_no
952,125,"¿Si pago fuera de término, debo abonar intereses?",si_no
953,125,¿Me cobran intereses si pago fuera de término?,si_no
954,125,"¿Si me atraso en el pago, me cobrarán intereses?",si_no
955,125,¿El pago fuera de término genera intereses?,si_no
956,125,"Si no pagué el monotributo, ¿debo pagar intereses?",si_no
961,126,"¿Mi banco opera con Pago mis cuentas, link o interbanking?",si_no
966,127,¿Las cargas sociales de mis empleados se pagan a través de la web de AFIP?,si_no
972,128,¿Me van a devolver el componente impositivo?,si_no
976,129,¿Se puede elegir qué componentes pagar el monotributo?,si_no
977,129,¿Se puede abonar un componente excluyendo los demás?,si_no
978,129,¿Se puede abonar la  jubilación y excluir el pago de la obra social?,si_no
979,129,¿Se puede abonar la obra social y excluir el pago de la jubilación?,si_no
980,129,"¿Debo pagar jubilación y obra social, o puedo pagar sólo uno?",si_no
981,129,¿Se tienen que pagar los dos componentes previsionales?,si_no
982,129,¿Es posible pagar sólo jubilación y no obra social?,si_no
983,129,¿Puedo pagar sólo obra social y no pagar la jubilación?,si_no
984,129,¿Es obligatorio el pago de ambos componente previsionales?,si_no
995,131,¿Pago el impuesto integrado siendo socio de una cooperativa de trabajo?,si_no
1002,132,¿Hay algún límite para las cooperativas de trabajo inscriptas en el Registro Nacional de Efectores de Desarrollo Local y Economía Social?,si_no
1004,132,¿Hay algún tratamiento particular si la cooperativa fue inscrita en el registro?,si_no
1006,132,"Ya se inscribió la cooperativa en el registro, ¿existe algún tratamiento particular?",si_no
1007,132,"Una vez que se anota  la cooperativa en el registro nacional de efectores, ¿tendrá algún tratamiento especial?",si_no
1017,134,¿Puedo imprimir la credencial de pago desde la web de AFIP?,si_no
1032,136,¿Puedo reafectar pagos de más hechos anteriormente?,si_no
1037,136,"El pago imputado por error, ¿Se puede reafectar?",si_no
1040,137,¿Aparece toda la información en el servicio CCMA?,si_no
1048,138,"Si tengo deudas, ¿Las puedo ver reflejadas en la página de AFIP?",si_no
1064,140,Si pagué de más el Monotributo ¿Puedo hacer el reclamo?,si_no
1070,141,¿Puedo ver los beneficios previsionales en el servicio CCMA?,si_no
1073,141,"Los beneficios previsionales de la Ley 25.321, ¿se pueden ver en el CCMA?",si_no
1074,141,"He aplicado a los beneficios previsionales de la Ley 25.321, ¿figuran en el servicio CCMA?",si_no
1078,142,¿Es obligatorio un tipo de factura específico?,si_no
1084,143,¿Puedo hacer facturas manuales?,si_no
1085,143,¿Todos los Monotributistas están obligados a hacer factura electrónica?,si_no
1086,143,¿La factura manual es optativa?,si_no
1088,143,¿Puedo hacer facturas electrónicas?,si_no
1089,143,¿Estoy obligado a emitir comprobante manual?,si_no
1090,143,¿Es opcional emitir comprobante manual?,si_no
1091,143,"La emisión del comprobante manual, ¿es opcional?",si_no
1095,144,¿Debo exhibir alguna documentación en mi local? ,si_no
1096,144,Si soy Monotributista ¿Debo mostrarlo en mi negocio?,si_no
1105,145,¿Es lo mismo emitir cualquier tipo de comprobante?,si_no
1109,145,¿Debo otorgar algún comprobante particular?,si_no
1110,145,¿Tengo que dar algún comprobante específico?,si_no
1114,146,¿Existe algún respaldo para cuando el controlador fiscal falla?,si_no
1120,147,¿Las facturas de exportación son diferentes?,si_no
1135,149,¿Mis operaciones deben estar registradas de alguna manera?,si_no
1136,149,¿Debo llevar un registro de mis operaciones?,si_no
1137,149,¿Es optativo llevar un control de las opraciones que realizo?,si_no
1138,149,¿Debo registrar todas mis operaciones?,si_no
1139,149,¿Es necesario que lleve un registro de todas las operaciones que hago?,si_no
1140,149,¿Tengo que llevar cuenta de todos las facturas que emito o recibo?,si_no
1143,150,¿Tengo que guardar los comprobantes que emito?,si_no
1145,150,¿Es obligatorio conservar mis comprobantes?,si_no
1151,151,¿Los remitos tienen alguna letra particular?,si_no
1153,151,¿Los remitos son iguales a los otros tipos de comprobantes?,si_no
1157,151,"Los remitos, ¿llevan una letra específica?",si_no
1159,152,¿Hay monotribustistas que no están obligados a emitir facturas electrónicas?,si_no
1162,152,¿Todos los monotributistas deben hacer comprobantes?,si_no
1163,152,¿Estoy exceptuado de emitir factura electrónica?,si_no
1165,152,¿No tengo obligación de hacer la factura electrónica?,si_no
1167,152,¿Estoy obligado a proveer facturas electrónicamente?,si_no
1168,153,¿Debo emitir todos mis comprobantes en forma electrónica?,si_no
1170,153,¿Todos los tipos de comprobantes deben emitirse electrónicamente?,si_no
1177,154,¿Hay algún tipo de factura que puede no hacerse electrónicamente?,si_no
1178,154,"¿Todos los comprobantes ""C"" deben hacerse electrónicamente?",si_no
1182,154,¿Es obligatorio que emita el comprobante electrónico con esa operación?,si_no
1184,155,¿Son diferentes las facturas hechas por los adheridos al régimen de inclusión social y promoción del trabajo independiente?,si_no
1191,156,¿Son diferentes las facturas hechas por efectores sociales?,si_no
1192,156,El monotributista social ¿Realiza una factura diferente?,si_no
1200,157,¿Debo pagar una multa si no muestro la documentación en mi local?,si_no
1201,157,¿Hay alguna sanción por no exhibir el comprobante en el local?,si_no
1202,157,¿Me pueden sancionar por no mostrar el comprobante?,si_no
1203,157,¿Me pueden sancionar si no tengo a la vista el comprobante de monotributista?,si_no
1204,157,¿Sancionan por no exhibir el comprobante?,si_no
1205,157,¿Podría ser motivo de multa si no tengo a la vista el comprobante?,si_no
1209,158,¿Debo pagar una multa si no tengo la documentación respaldatoria?,si_no
1210,158,¿Hay alguna sanción por no tener las facturas de respaldo?,si_no
1211,158,¿Me pueden sancionar por no guardar las facturas de respaldo de mis operaciones?,si_no
1213,158,¿Sancionan por no guardar los comprobantes de las operaciones que realicé?,si_no
1214,158,¿Podría ser motivo de multa el no tener los comprobantes de las operaciones?,si_no
1217,159,¿Debo pagar una multa si no emití la documentación respaldatoria de mis operaciones?,si_no
1218,159,¿Hay alguna sanción por no tener las facturas de respaldo?,si_no
1219,159,¿Me pueden sancionar por no guardar las facturas de respaldo de mis operaciones?,si_no
1221,159,¿Sancionan por no guardar los comprobantes de las operaciones que realicé?,si_no
1222,159,¿Podría ser motivo de multa el no tener los comprobantes de las operaciones?,si_no
1223,0,"Si se deja de ejercer la actividad pero dentro de unos meses se volverá a trabajar en la misma, ¿se puede mantener la inscripción en forma suspendida hasta tanto vuelva a tener actividad?",si_no
1226,3,"Si se realiza la baja del Monotributo por cese de actividad, ¿se puede volver a adherir en cualquier momento?",si_no
1231,7,"De producirse la baja automática en el Monotributo, ¿se puede realizar la adhesión nuevamente?",si_no
1233,9,"Un monotributista que adquiere el carácter de responsable inscripto en el IVA, ¿puede computar el crédito de sus existencias al momento del cambio de su condición?",si_no
1234,10,¿Es posible realizar una baja retroactiva en el Monotributo?,si_no
1247,23,¿Existe una cantidad máxima de empleados por categoría?,si_no
1248,24,"A los efectos de determinar los alquileres devengados, ¿se debe tener en cuenta los gastos correspondientes a gas, luz, y teléfono?",si_no
1249,25,"Una persona que realiza una actividad independiente por la que reviste la condición de Monotributista y a su vez ejerce la dirección, administración o conducción de sociedades no comprendidas en el Régimen Simplificado o comprendidas y no adheridas al mismo, ¿Debe aportar al régimen de autónomos y simultáneamente las cotizaciones previsionales del Monotributo?",si_no
1250,26,"En caso de brindar servicios de carpintería que implica fabricar un bien mueble, pero no en serie. ¿Debe categorizarse como venta de cosa mueble?",si_no
1252,28,"Siendo monotributista, ¿puedo realizar importaciones?",si_no
1253,29,¿A los monotributistas se les aplica la alícuota diferencial del 27% de IVA en las facturas de servicios públicos?,si_no
1255,31,"Ante el cambio de condición de responsable inscripto a monotributista, ¿se deben prorratear las deducciones personales por cargas de familia a los efectos de generar la declaración jurada del Impuesto a las Ganancias?",si_no
1256,32,"Un comerciante responsable inscripto en IVA que está en condiciones de optar por el Monotributo, ¿debe reintegrar el crédito fiscal de las existencias de los bienes?",si_no
1259,35,¿Es personal el trámite de generación de CUIT?,si_no
1262,38,¿Las sociedades pueden adherirse al monotributo?,si_no
1264,40,Un sujeto adherido al Monotributo por una actividad ¿puede realizar otra actividad bajo la condición de IVA Exento?,si_no
1283,59,¿Una persona humana puede ser monotributista si obtiene ingresos provenientes de la locación de inmuebles situados en el exterior?,si_no
1297,73,"Si transcurrió un semestre desde la inscripción y al anualizar los ingresos brutos para la recategorización, se supera el límite de la categoría máxima, ¿corresponde la inscripción en el Régimen General?",si_no
1305,81,Si modifica la condición de Monotributo a Monotributo Régimen de inclusión social y promoción del trabajo independiente o viceversa ¿se considera recategorización?,si_no
1313,89,¿Se puede interponer un recurso contra las resoluciones de exclusión o recategorización de oficio resultado de una fiscalización?,si_no
1317,93,En caso de realizar importaciones ¿se puede adherir al Monotributo?,si_no
1318,94,¿Se pueden realizar exportaciones siendo monotributista?,si_no
1319,95,Un sujeto adherido al Monotributo por una actividad ¿puede realizar otra actividad bajo la condición de IVA Exento?,si_no
1320,96,¿Se puede ser empleador siendo monotributista?,si_no
1321,97,¿Se puede realizar la adhesión al Monotributo en caso de llevarse a cabo una actividad por única vez? ¿Se debe cumplir un tiempo mínimo de permanencia antes de realizar la baja del mismo?,si_no
1322,98,"Una persona humana residente en el exterior que realiza una actividad en nuestro país, ¿puede inscribirse a través de su apoderado en nuestro país como monotributista?",si_no
1323,99,Si un ciudadano trabaja relación de dependencia ¿se puede adherir al monotributo por una actividad independiente?,si_no
1324,100,"Una persona humana adherida al Monotributo por una actividad, ¿puede realizar otra actividad bajo la condición de responsable inscripto?",si_no
1325,101,"En los casos de venta de automóviles usados a nombre propio por cuenta de terceros, ¿Se podrá optar por el Monotributo?",si_no
1326,102,"El propietario de una industria, ¿se puede adherir al Monotributo?",si_no
1327,103,"El asociado a una cooperativa de trabajo, ¿se puede adherir al monotributo?",si_no
1328,104,"El síndico de una sociedad, ¿se puede adherir al monotributo por dicha actividad?",si_no
1329,105,¿Se puede ser monotributista si se obtiene unicamente ingresos por cobro de derechos de autor?,si_no
1330,106,"En caso de arrendar 5 parcelas (las mismas tienen asignados números de partidas diferentes aunque se encuentran ubicadas en el mismo partido), a los fines de la exclusión en el Monotributo, ¿se consideran más de tres unidades de explotación?",si_no
1332,108,"Un monotributista que tiene un local y desea abrir otro en el que realice tres actividades, ¿Puede permanecer en el Monotributo?",si_no
1333,108,"Un monotributista que tiene un local y desea abrir otro en el que realice tres actividades, ¿Puede quedar excluido por exceder las tres actividades?",si_no
1335,110,"Un contribuyente que reviste la condición de responsable inscripto en IVA y está en condiciones de adherir por el Monotributo, ¿Puede optar por cambiar de régimen en cualquier momento?",si_no
1337,112,Un sujeto adherido al Monotributo por una actividad ¿puede realizar otra actividad bajo la condición de IVA Exento?,si_no
1338,113,"Un propietario que cede un inmueble a precio no determinado, ¿puede adherirse al Monotributo por el valor locativo a que refiere el Impuesto a las Ganancias?",si_no
1350,125,"El pago de la obligación mensual realizado fuera de término, ¿genera intereses?",si_no
1354,129,"Respecto del componente previsional (jubilación y obra social), ¿se puede abonar solo uno de dichos conceptos y excluir del pago el otro?",si_no
1366,141,Si aplico los beneficios previsionales establecidos en la Ley 25.321 ¿puedo visualizar los mismos en el servicio CCMA?,si_no
1374,149,¿Estoy obligado a registrar mis operaciones?,si_no
